{
    "parameter": [
        {
            "src_lng": 76.52351839,
            "src_lat": 9.564348967,
            "dest_lng": 76.412454,
            "dest_lat": 9.413795
        },
        {
            "src_lng": 76.52351839,
            "src_lat": 9.564348967,
            "dest_lng": 76.412454,
            "dest_lat": 9.413795
        },
        {
            "src_lng": 76.52351839,
            "src_lat": 9.564348967,
            "dest_lng": 76.412454,
            "dest_lat": 9.413795
        }
    ]
}